1;Madelin;;Gianina;Luxen;985957;4085;01.04.1993;true;Room 738;654-466-0350;gluxen0@upenn.edu;03/14/2011;05.06.2015;02/21/2023;01/18/2044;4,98735E+17;;;;
2;Pren;;Polly;Parkey;751504;7602;09/30/1990;true;12th Floor;803-756-6115;pparkey1@zimbio.com;11/21/2019;10.06.2016;02/19/2021;02/18/2035;1,23661E+16;;;;
3;Retha;;Roscoe;Jevons;228247;6396;08/15/1992;false;6th Floor;558-674-4517;rjevons2@dell.com;01.12.2012;02/26/2019;01/20/2024;01/20/2039;4,27641E+17;;;;
4;Ellynn;;Billy;Rehme;864874;2973;12.06.2004;true;Suite 20;694-644-9072;brehme3@toplist.cz;06/21/2019;03.08.2019;06/25/2021;12/18/2031;8,35109E+17;;;;
5;Shannan;;Ynes;Nowak;123840;7962;06.11.1995;true;Apt 1593;609-776-1123;ynowak4@nydailynews.com;06/24/2018;01/28/2019;08/30/2022;12/27/2032;3,57141E+17;;;;
6;Ambur;;Lemar;Clissell;431346;4656;03/18/1999;false;16th Floor;989-530-2679;lclissell5@dailymotion.com;07/28/2013;06.12.2019;08/20/2021;05/14/2034;6,80485E+17;;;;
7;Ebony;;Molly;Vernalls;979533;4499;08.10.1994;true;PO Box 14293;480-791-2990;mvernalls6@engadget.com;11.11.2017;12/25/2019;01.01.2024;10/18/2037;4,27506E+17;;;;
8;Celine;;Bryn;Echelle;391073;8624;06.11.2008;true;Room 140;615-299-7243;bechelle7@pcworld.com;06.02.2014;10/31/2017;11.04.2023;10.06.2042;2,85064E+17;;;;
9;Putnem;;Alina;Coleby;928184;6467;11/25/2009;false;Apt 781;460-874-1597;acoleby8@apache.org;03/22/2014;08.01.2015;08.11.2022;02/26/2031;6,74253E+17;;;;
10;Sasha;;Ingrid;Essel;369789;5279;02/27/2000;true;Suite 62;161-156-9715;iessel9@amazon.de;03/28/2016;10/19/2019;04.01.2022;11/28/2035;5,00259E+17;;;;
11;Devan;;Clair;Kindon;669021;7329;08/31/1990;false;PO Box 42856;748-699-4551;ckindona@amazonaws.com;01.04.2012;06/29/2015;01.01.2024;06/23/2040;7,78448E+17;;;;
12;Maura;;Ilyssa;Benjafield;210616;4049;09.11.1996;true;Room 135;543-529-4434;ibenjafieldb@goodreads.com;06/18/2019;11.10.2017;10/15/2023;08.07.2032;5,77839E+17;;;;
13;Orelie;;Elyn;Straneo;363635;4622;08/26/2002;false;Suite 56;298-360-3017;estraneoc@harvard.edu;11/24/2011;08/23/2015;04.02.2021;11.11.2041;2,24266E+17;;;;
14;Krysta;;Melosa;Flett;350358;9683;11/18/1991;true;16th Floor;367-777-5319;mflettd@google.co.jp;05/23/2012;04.02.2019;01.07.2023;04/14/2034;2,93482E+17;;;;
15;Kyle;;Juliana;Simonian;907790;4907;02/22/2004;false;9th Floor;372-350-5359;jsimoniane@java.com;01/23/2010;07/29/2019;01/20/2023;10.01.2037;1,79627E+16;;;;
16;Marinna;;Julieta;Georger;492955;7906;01/18/1992;false;PO Box 640;204-659-3337;jgeorgerf@yellowpages.com;09/14/2014;12/16/2015;05.01.2022;09/20/2042;2,8921E+17;;;;
17;Lek;;Theresa;Kervin;494967;1751;03.12.2002;false;PO Box 37606;948-169-3485;tkerving@go.com;05/24/2014;08.03.2015;09.08.2022;01.03.2041;7,65216E+16;;;;
18;Oren;;Elora;Gardner;879430;1610;07.12.1996;false;PO Box 31452;148-789-2255;egardnerh@tripod.com;11/19/2017;02.09.2020;06/21/2021;01.08.2040;5,9151E+16;;;;
19;Jaime;;Reeva;Gerrens;372312;9189;09.04.1995;false;Suite 6;187-477-7121;rgerrensi@trellian.com;07.09.2018;10/29/2016;09/23/2022;06/16/2033;4,05575E+17;;;;
20;Vanda;;Ola;Caddens;903734;6327;03/24/2004;true;PO Box 77672;756-223-4398;ocaddensj@w3.org;10/20/2015;12.01.2020;09.08.2022;11/17/2037;9,41703E+17;;;;
21;Kennie;;Heath;Stealey;251883;9075;08.04.2004;true;Suite 66;425-938-7161;hstealeyk@homestead.com;04.07.2012;08/24/2019;05/24/2021;12.03.2037;1,42322E+17;;;;
22;Johannes;;Gerome;Thirlwall;965872;7278;11/21/2001;false;Room 574;403-919-7803;gthirlwalll@lycos.com;04/30/2016;08.11.2015;06.05.2023;04.01.2034;9,40273E+17;;;;
23;Clayborn;;John;Huggett;513890;9751;07.03.2002;true;12th Floor;893-572-5437;jhuggettm@godaddy.com;10/21/2016;03.09.2015;05/26/2021;10/30/2031;7,9608E+17;;;;
24;Harper;;Paulette;Glide;405856;3649;12/13/1996;false;PO Box 55552;469-334-6044;pgliden@huffingtonpost.com;03.02.2016;08/31/2019;05.06.2023;04/14/2033;4,56185E+17;;;;
25;Skylar;;Bekki;Blight;842615;9512;05.11.1993;false;PO Box 44203;750-497-6827;bblighto@mit.edu;06/21/2012;05.09.2015;09.02.2023;04/18/2033;8,07336E+16;;;;
26;Renaldo;;Antonin;Bardnam;626570;2166;03/26/1992;false;PO Box 5169;679-255-0269;abardnamp@pcworld.com;03/15/2017;07.12.2019;07/20/2021;03/19/2039;5,0756E+17;;;;
27;Gilligan;;Fionna;Tout;280305;6676;01/21/1997;false;Room 483;907-287-6166;ftoutq@rambler.ru;07/22/2017;05.05.2016;08/17/2023;01/19/2039;4,98937E+17;;;;
28;Biddy;;Bethena;Griffoen;855003;9357;11.11.1992;false;Room 429;791-645-6801;bgriffoenr@a8.net;08/29/2010;03.08.2017;10/26/2021;07.09.2042;2,91759E+17;;;;
29;Arron;;Galvin;Franzetti;843603;4551;03.08.1990;true;Suite 24;372-952-1261;gfranzettis@bing.com;03/21/2016;06/15/2015;02.12.2023;02/20/2033;4,26763E+16;;;;
30;Veradis;;Kariotta;Dunphy;272854;2664;06.10.2006;false;Suite 39;837-197-6259;kdunphyt@meetup.com;07/20/2019;06.08.2017;02.08.2022;03.04.2038;6,40026E+17;;;;
31;Will;;Olin;Womersley;233705;2024;06/15/2007;false;12th Floor;683-640-5487;owomersleyu@163.com;07.12.2016;08.12.2016;07.01.2022;11.10.2034;3,76024E+17;;;;
32;Shea;;Aldous;Bygrave;946481;4142;11.01.2002;false;PO Box 79964;119-130-2544;abygravev@addthis.com;11/19/2010;09/14/2020;05/24/2022;03/20/2037;9,11046E+17;;;;
33;Davin;;Holden;Center;743419;6827;05/19/2001;true;Suite 78;673-942-1345;hcenterw@cbc.ca;05/15/2014;08/26/2019;06/26/2023;01.07.2040;7,12858E+17;;;;
34;Jannelle;;Holly;Ashwood;862368;6683;10/18/2002;false;Room 1579;522-674-1443;hashwoodx@hhs.gov;11/20/2014;01.04.2015;08/19/2023;11.07.2040;7,1225E+17;;;;
35;Lorilyn;;Brook;Castanie;898007;8930;04/23/2000;true;PO Box 99518;242-579-2547;bcastaniey@upenn.edu;08/26/2012;03/17/2017;09/15/2022;08.07.2037;6,37546E+17;;;;
36;Mattias;;Teriann;Klampt;978470;9825;05.05.2005;true;PO Box 67728;806-319-9871;tklamptz@umn.edu;10.11.2014;07/14/2016;10.02.2021;02.11.2034;3,14927E+17;;;;
37;Othello;;Johnath;Franzke;701975;8276;08/19/1997;false;8th Floor;822-724-1960;jfranzke10@nbcnews.com;07/21/2019;07.05.2019;05/20/2021;07/24/2038;1,55595E+16;;;;
38;Aloise;;Hannah;Tunn;857479;5847;10/30/2008;true;PO Box 91986;813-750-3350;htunn11@ask.com;10/25/2018;12/16/2020;11/28/2021;03/27/2035;8,11171E+17;;;;
39;Roana;;Joseito;Balden;363198;1994;02/14/1994;true;Apt 293;613-985-8050;jbalden12@phoca.cz;05/30/2016;10/19/2017;02.04.2021;07/15/2035;1,25759E+16;;;;
40;Micheil;;Dalston;Dagg;612154;7953;09/28/1996;true;15th Floor;470-553-0904;ddagg13@diigo.com;12/19/2012;05.11.2018;06/27/2021;10/23/2033;4,99168E+17;;;;
41;Blondell;;Augustina;Tosh;313559;8402;08/27/2004;true;Apt 1538;219-884-8839;atosh14@macromedia.com;12/27/2015;11.01.2016;05/19/2022;10/14/2034;4,46323E+17;;;;
42;Freeman;;Rosmunda;Goricke;597533;6818;04.01.2005;false;PO Box 13559;628-321-2837;rgoricke15@parallels.com;11/26/2012;05/21/2019;08/25/2021;03/21/2038;3,70925E+17;;;;
43;Dawn;;Carolyn;Keddy;994754;6800;01/18/2000;false;PO Box 60885;924-353-1050;ckeddy16@apache.org;09/29/2017;05.11.2018;10/15/2023;12/26/2032;2,64112E+17;;;;
44;Harmon;;Renee;Paolazzi;336599;9776;02.01.1996;false;Room 975;337-999-8234;rpaolazzi17@shop-pro.jp;03/24/2018;06.12.2017;11/18/2021;09/29/2037;3,12693E+17;;;;
45;Mariejeanne;;Carmina;Truggian;567899;8288;01.07.1998;true;Room 556;728-962-0691;ctruggian18@ox.ac.uk;07/17/2017;05/14/2020;06.08.2022;05/14/2031;4,36492E+17;;;;
46;Morse;;Arther;Fittall;100688;7908;06.01.1991;false;Apt 934;820-256-7974;afittall19@tripod.com;07/17/2014;04.12.2018;04/23/2022;07.04.2031;7,39927E+17;;;;
47;Libby;;Quintina;Ryburn;691859;4071;01.02.1999;false;Apt 888;733-183-6562;qryburn1a@twitpic.com;06/14/2019;03.11.2017;05/31/2022;12/25/2033;8,52247E+17;;;;
48;King;;Barbabas;Jemison;815632;3381;07.02.1994;false;Suite 98;767-882-2160;bjemison1b@cdbaby.com;06/18/2016;02/22/2020;02.09.2021;07/19/2042;4,1483E+17;;;;
49;Bianka;;Cathie;Andreone;682345;1285;01/18/2004;false;Suite 64;159-591-9414;candreone1c@odnoklassniki.ru;06.01.2011;10/14/2019;11/19/2022;12.08.2031;7,82314E+17;;;;
50;Theda;;Karil;Moret;572928;3843;05/16/2000;true;Apt 1748;550-545-4611;kmoret1d@edublogs.org;04/17/2015;01/21/2016;03/31/2023;03.01.2035;5,29596E+17;;;;
51;Alva;;Karlan;Goodbarne;230179;6566;07/21/1990;false;6th Floor;789-151-8484;kgoodbarne1e@blogger.com;10/17/2010;02/18/2019;11/17/2021;10/26/2035;5,669E+17;;;;
52;Gothart;;Brett;Lisimore;512717;9493;05/15/2006;false;17th Floor;746-712-8963;blisimore1f@google.ca;10/15/2014;10.02.2017;11.06.2021;05/27/2041;9,86605E+17;;;;
53;Grannie;;Barbey;Falkus;722125;8047;04.03.2000;true;PO Box 14590;756-177-7611;bfalkus1g@dot.gov;12/19/2018;10/13/2020;10.09.2021;07/24/2040;8,76805E+17;;;;
54;Chelsae;;Shawnee;Mowat;197285;5209;10/15/2003;true;Suite 8;328-829-1280;smowat1h@buzzfeed.com;05.03.2010;04/24/2015;02/21/2021;07/21/2040;8,31835E+17;;;;
55;Conny;;Northrup;Dickons;721841;8495;04/28/2002;false;7th Floor;739-301-7539;ndickons1i@youtube.com;01/13/2020;09/13/2019;04/18/2023;12/22/2035;9,84742E+17;;;;
56;Shannon;;Chadwick;Charrier;535846;6093;03/17/1999;true;3rd Floor;999-456-6061;ccharrier1j@dot.gov;10/15/2011;02.06.2017;12.07.2023;06.04.2036;8,46055E+17;;;;
57;Roberta;;Gregorius;Bark;856045;8026;12.01.2002;true;PO Box 22557;777-537-8875;gbark1k@jiathis.com;12.07.2015;07.02.2017;09.05.2022;03.09.2031;7,2877E+17;;;;
58;Stephenie;;Curr;Gregh;397164;5598;11.06.2008;true;Suite 10;768-342-7636;cgregh1l@mysql.com;08.09.2012;07/27/2017;11.05.2023;10.01.2040;3,22872E+17;;;;
59;Merrick;;Rory;Tease;899066;8382;11.05.1998;false;8th Floor;372-437-9628;rtease1m@com.com;08/15/2014;02/26/2020;11.07.2021;07/21/2042;6,75327E+16;;;;
60;Lane;;Virginie;Patey;679457;7584;06/14/2007;true;Apt 1948;243-565-7815;vpatey1n@nyu.edu;09/21/2012;07.05.2016;04.03.2022;07.01.2039;6,19612E+17;;;;
61;Abran;;Leta;Cullagh;394006;2223;12.06.2001;false;Suite 25;223-954-5626;lcullagh1o@patch.com;02/16/2014;07/21/2020;05/13/2022;09/25/2032;5,97409E+16;;;;
62;Lydie;;Berty;Reedshaw;511334;7032;11/22/1999;true;16th Floor;900-112-2005;breedshaw1p@domainmarket.com;03.07.2019;06.06.2018;05.04.2023;06/26/2043;9,11654E+17;;;;
63;Kelli;;Tedie;Gladdis;479506;3378;09.05.2004;false;Room 1412;760-528-0659;tgladdis1q@ifeng.com;05.02.2010;09.08.2017;06.01.2023;03.01.2033;6,3611E+17;;;;
64;Montague;;Maxim;McFetridge;141085;4838;06/22/1990;true;Room 1193;787-218-5222;mmcfetridge1r@ehow.com;05/28/2018;12/16/2015;05.07.2022;05/19/2032;5,99066E+17;;;;
65;Orazio;;Desiree;Dorton;597238;1832;12/17/1997;true;Apt 1557;985-580-5991;ddorton1s@msu.edu;04.08.2011;07/18/2018;08.04.2022;02/13/2031;7,17357E+17;;;;
66;Oates;;Nike;Brunini;925245;5409;06/13/2001;true;PO Box 15365;875-783-9112;nbrunini1t@hc360.com;12/21/2019;06.12.2017;12.06.2022;09/24/2039;8,67865E+17;;;;
67;Jacob;;Pat;Francino;998239;8940;10/22/1999;false;5th Floor;908-364-7643;pfrancino1u@histats.com;02.12.2011;03/25/2019;10/17/2022;02/20/2036;9,17312E+17;;;;
68;Sibylle;;Britney;Dorgan;117134;3255;04/23/2002;false;Suite 10;372-100-7094;bdorgan1v@geocities.jp;01/16/2011;07.10.2020;04/14/2023;08/19/2033;5,90297E+17;;;;
69;Clay;;Rosco;Vigietti;797564;9454;02.11.2005;true;Suite 10;330-627-1065;rvigietti1w@printfriendly.com;08.10.2016;01/21/2015;07.03.2023;03.03.2043;3,68303E+17;;;;
70;Stella;;Marylee;Gowthrop;334383;2236;10/21/2005;false;15th Floor;268-761-3283;mgowthrop1x@skyrock.com;06.10.2014;06/26/2018;07.05.2022;07.09.2032;6,97737E+17;;;;
71;Katina;;Reggis;Zorener;105126;4494;09.01.1994;false;Apt 1123;406-539-4127;rzorener1y@time.com;05/22/2017;03/14/2019;09.11.2022;06.04.2034;1,38116E+17;;;;
72;Dre;;Bert;McLleese;550588;2922;06/29/1999;true;Suite 75;242-227-5297;bmclleese1z@epa.gov;01/20/2013;09.02.2015;07.02.2022;10/30/2034;8,14309E+17;;;;
73;Nanci;;Lief;Galpin;258302;7719;12/14/2004;false;PO Box 78382;662-902-5134;lgalpin20@bloglines.com;03.02.2015;08.08.2018;12/28/2022;06/14/2039;8,88658E+17;;;;
74;Lothaire;;Doloritas;Grunwall;991627;2720;10/29/2003;true;Apt 811;205-520-4908;dgrunwall21@spotify.com;08/28/2012;10.04.2017;09/29/2023;08/27/2033;6,3054E+17;;;;
75;Gayler;;Pincus;Tallboy;658967;1922;05/15/1998;true;Suite 9;949-211-0386;ptallboy22@unblog.fr;12.05.2015;10.03.2015;01.09.2023;03.10.2039;8,41999E+17;;;;
76;Guillemette;;Jessa;Gainfort;326037;9534;09/25/2006;true;Room 1703;768-934-5903;jgainfort23@blogger.com;09.10.2013;04.10.2016;02.10.2023;07/20/2041;4,38493E+17;;;;
77;Webster;;Bessie;Happs;285323;5165;07/19/2001;true;Room 782;686-158-9337;bhapps24@webmd.com;02/22/2015;10/27/2017;05.01.2023;12/20/2041;3,35423E+17;;;;
78;Caddric;;Dugald;Cadwell;874584;2439;05/30/1993;true;20th Floor;332-181-2854;dcadwell25@statcounter.com;10/29/2016;04.10.2016;08/28/2022;11/24/2038;2,45851E+17;;;;
79;Dore;;Eldin;Labat;753926;6804;03/15/1999;false;18th Floor;852-314-8738;elabat26@sohu.com;09.04.2015;05/14/2017;10/24/2022;11.07.2043;9,48783E+17;;;;
80;Cristy;;Titos;Goalley;981270;8457;10/29/1999;false;Apt 1952;628-311-0897;tgoalley27@miibeian.gov.cn;05/17/2019;10/29/2016;12/18/2022;07/31/2040;2,96653E+17;;;;
81;Claude;;Emyle;Deinhardt;585511;7053;03/13/2006;true;PO Box 59803;438-789-9983;edeinhardt28@state.tx.us;11/26/2017;12.09.2015;08/30/2023;06/21/2031;4,84336E+17;;;;
82;Brunhilda;;Tammi;Doble;871501;3554;03/17/2004;true;Apt 1163;700-421-2018;tdoble29@walmart.com;09.03.2014;07/28/2019;12/13/2021;11.04.2040;8,30699E+16;;;;
83;Vicky;;Jonathan;Ramsier;427850;5128;04.04.1992;true;Room 1654;624-419-4704;jramsier2a@cloudflare.com;06/29/2012;11/29/2015;04.02.2023;10/16/2038;1,68154E+17;;;;
84;Madalena;;Mireille;Berndsen;947592;5860;06/13/1993;true;Apt 1926;700-550-7438;mberndsen2b@edublogs.org;10/30/2013;01.11.2020;05/18/2023;05/26/2035;5,88865E+17;;;;
85;Bogart;;Gina;Purvis;175677;8747;06/14/1999;true;Suite 83;146-232-4987;gpurvis2c@vk.com;05/23/2011;04.06.2020;09.05.2021;06/24/2040;5,04274E+17;;;;
86;Gates;;Bridie;Conquer;684017;2597;04/19/2004;true;PO Box 6495;436-743-9933;bconquer2d@jalbum.net;03/31/2017;05/29/2015;05/25/2022;07/13/2034;2,92511E+17;;;;
87;Elisabeth;;Abbe;O'Sullivan;142651;5955;01/20/1995;false;PO Box 99274;204-902-6167;aosullivan2e@google.co.jp;06/20/2017;06.06.2015;06/21/2022;04.10.2039;3,47758E+17;;;;
88;Silvanus;;Annette;Girkin;997907;1532;08.07.1996;true;Apt 154;768-609-7726;agirkin2f@alexa.com;03/17/2019;04.11.2019;07/25/2022;08/27/2031;8,44389E+16;;;;
89;Robinet;;Lynsey;Kerrich;171538;9450;12/15/1997;false;PO Box 11817;166-866-0209;lkerrich2g@naver.com;08/16/2010;12/28/2020;06/15/2023;05.07.2040;5,56908E+17;;;;
90;Olag;;Atlanta;Pfeifer;919844;8086;06.02.2004;false;15th Floor;608-326-2110;apfeifer2h@whitehouse.gov;03/21/2016;11/26/2020;02/25/2021;11.05.2034;5,72761E+17;;;;
91;Tymon;;Magnum;Mazey;353109;6658;08/17/2007;true;11th Floor;466-584-1254;mmazey2i@biglobe.ne.jp;10/27/2011;11/20/2020;04/20/2022;03.12.2033;7,23021E+17;;;;
92;Estel;;Carmela;Josephov;245193;1652;01.03.1998;true;Suite 34;751-340-7773;cjosephov2j@istockphoto.com;04/17/2012;10/26/2018;06.10.2021;01/15/2041;9,50132E+17;;;;
93;Roobbie;;Brunhilde;Brayley;397069;2830;04.12.2003;true;PO Box 67166;892-438-8025;bbrayley2k@aol.com;11/22/2019;06/19/2015;10.07.2023;01.07.2036;6,77684E+17;;;;
94;Krishnah;;Gertrudis;Murney;830922;9929;03/23/2006;false;Suite 17;196-647-7466;gmurney2l@ustream.tv;08.02.2011;08.07.2016;02/16/2023;08/29/2035;7,34458E+17;;;;
95;Peggi;;Wittie;Aharoni;727614;5899;03/16/1997;true;Room 370;668-462-1299;waharoni2m@mac.com;04.03.2012;03/27/2020;12/23/2022;01.12.2043;2,06666E+17;;;;
96;Basia;;Bobbi;Doberer;852366;1246;02/14/1999;false;PO Box 52792;823-988-2362;bdoberer2n@mapquest.com;06.09.2012;06.08.2017;08/13/2021;05/21/2035;6,98634E+17;;;;
97;Shaine;;Jeth;Keggins;537509;2888;06/20/1994;false;Suite 42;140-631-5824;jkeggins2o@discovery.com;04.12.2011;12/31/2019;08/23/2022;09/21/2040;1,1452E+17;;;;
98;Dill;;Casar;Swire;114760;5763;07.05.1991;true;Suite 78;813-305-3560;cswire2p@chicagotribune.com;05.09.2010;06/18/2015;06.11.2022;12/21/2043;3,85549E+17;;;;
99;Zuzana;;Jimmie;Honnicott;584300;6130;09.04.2008;false;PO Box 57335;247-360-3713;jhonnicott2q@taobao.com;06.03.2013;02/17/2016;03.04.2022;03/15/2035;8,03955E+17;;;;
100;Currie;;Rosina;Smieton;263294;2199;04/23/2004;true;Apt 1463;352-202-5404;rsmieton2r@networksolutions.com;06/19/2016;06.03.2015;10/15/2023;10/13/2035;6,00807E+16;;;;
